Province,link
Anvers,<a href="https://carbu.com/belgique//index.php/meilleurs-prix/Anvers/BE_a/1" rel=noreferrer target="_blank">Cliquez ici</a> pour voir les meilleurs prix en province d'Anvers</p>
Brabant Flamand,<a href="https://carbu.com/belgique//index.php/meilleurs-prix/Brabant%20Flamand/BE_bf/1" rel=noreferrer target="_blank">Cliquez ici</a> pour voir les meilleurs prix en Brabant Flamand</p>
Brabant Wallon,<a href="https://carbu.com/belgique//index.php/meilleurs-prix/Brabant%20Wallon/BE_bw/1" rel=noreferrer target="_blank">Cliquez ici</a> pour voir les meilleurs prix en Brabant Wallon</p>
Bruxelles,<a href="https://carbu.com/belgique//index.php/meilleurs-prix/Bruxelles/BE_bx/1" rel=noreferrer target="_blank">Cliquez ici</a> pour voir les meilleurs prix à Bruxelles</p>
Flandre Occidentale,<a href="https://carbu.com/belgique//index.php/meilleurs-prix/Flandre%20Occidentale/BE_foc/1" rel=noreferrer target="_blank">Cliquez ici</a> pour voir les meilleurs prix en Flandre Occidentale</p>
Flandre Orientale,<a href="https://carbu.com/belgique//index.php/meilleurs-prix/Flandre%20Orientale/BE_foi/1" rel=noreferrer target="_blank">Cliquez ici</a> pour voir les meilleurs prix en Flandre Orientale</p>
Hainaut,<a href="https://carbu.com/belgique//index.php/meilleurs-prix/Hainaut/BE_ht/1" rel=noreferrer target="_blank">Cliquez ici</a> pour voir les meilleurs prix en Hainaut</p>
Liège,<a href="https://carbu.com/belgique//index.php/meilleurs-prix/Liege/BE_lg/1" rel=noreferrer target="_blank">Cliquez ici</a> pour voir les meilleurs prix en province de Liège</p>
Limbourg,<a href="https://carbu.com/belgique//index.php/meilleurs-prix/Limbourg/BE_li/1" rel=noreferrer target="_blank">Cliquez ici</a> pour voir les meilleurs prix dans le Limbourg</p>
Luxembourg,<a href="https://carbu.com/belgique//index.php/meilleurs-prix/Luxembourg/BE_lu/1" rel=noreferrer target="_blank">Cliquez ici</a> pour voir les meilleurs prix en province du Luxembourg</p>
Namur,<a href="https://carbu.com/belgique//index.php/meilleurs-prix/Namur/BE_nm/1" rel=noreferrer target="_blank">Cliquez ici</a> pour voir les meilleurs prix en province de Namur</p>